{
    "㰝(yǐ)": 0.40214540933949533,
    "㰟(jì)": 0.3527360494303242,
    "㰟(qì)": 0.3101394896760772,
    "㰠(hāng)": 0.289987077284801,
    "㰢(ēng)": 0.41268872858234573,
    "㰣(zī)": 0.33024092490770846,
    "㰤(hē)": 0.3238215410097902,
    "㰤(qiè)": 0.3546535408089068,
    "㰥(xì)": 0.34948161550817675,
    "㰥(huì)": 0.3889119548214723,
    "㰦(qù)": 0.34870575531793435,
    "㰧(hāi)": 0.24731366032100607,
    "㰨(xiē)": 0.31638012893989115,
    "㰪(uī)": 0.2706442857382232,
    "㰫(hān)": 0.21833989678863414,
    "㰬(ún)": 0.3150745047153425,
    "㰭(xū)": 0.21187986750950696,
    "㰮(shèn)": 0.4427482010285794,
    "㰯(tòu)": 0.4425733022127465,
    "㰯(tǒu)": 0.33606511624484087,
    "㰯(hòu)": 0.22289182496900453,
    "㰰(xià)": 0.38087212770140527,
    "㰰(qiè)": 0,
    "㰰(hè)": 0.43693899480140436,
    "㰲(yù)": 0.21360532230338816,
    "㰲(xù)": 0,
    "㰳(yà)": 0.30487590977477486,
    "㰳(yā)": 0.3150745047153425,
    "㰴(pǒu)": 0.3855536677463487,
    "㰵(ú)": 0.371982275642025,
    "㰶(yǒu)": 0.43831853934786874,
    "㰶(ǒu)": 0.27101969083381666,
    "㰹(xiān)": 0.16795922729835167,
    "㰹(xiàn)": 0.35521188099385087,
    "㰹(hǎn)": 0.24756688007280667,
    "㰺(xià)": 0.24731366032100607,
    "㰺(xiá)": 0.289987077284801,
    "㰻(yǐ)": 0,
    "㰻(xī)": 0.3111306141756613,
    "㰻(hòu)": 0,
    "㰼(shà)": 0.23465936153429193,
    "㰼(qiè)": 0.21360532230338816,
    "㰽(àn)": 0.42918681790252194,
    "㰾(jiào)": 0.20712074411720463,
    "㰿(xī)": 0.45708329957894556,
    "㱁(suì)": 0.3106763470957169,
    "㱂(kāng)": 0.48331161188376315,
    "㱄(hēi)": 0.3808870264808329,
    "㱆(xī)": 0.43880644948086955,
    "㱇(sè)": 0.3365336073719158,
    "㱇(xì)": 0.38948200556453644,
    "㱈(jìn)": 0.25631470495523917,
    "㱊(ōu)": 0.3786733386350927,
    "㱋(què)": 0.3944299653035989,
    "㱌(yè)": 0.21331564289302182,
    "㱌(chè)": 0.3427371860326769,
    "㱍(luán)": 0,
    "㱎(kūn)": 0.2723734209062328,
    "欠(qiàn)": 0.5888476200535506,
    "欠(qian)": 0.5583519352836879,
    "次(cì)": 0.21316913850987476,
    "次(zī)": 0.3543326205374752,
    "次(cí)": 0.1724537885405987,
    "欣(xīn)": 0.34181864465792927,
    "欥(yù)": 0.29466005028014763,
    "欥(yì)": 0.25528552577167246,
    "欦(qiān)": 0.3531382394827615,
    "欦(xiān)": 0.23465936153429193,
    "欦(qiǎn)": 0.5444352888292909,
    "欨(xū)": 0.44684228127323256,
    "欩(chāo)": 0,
    "欪(chù)": 0.4350470996514518,
    "欪(qù)": 0.34856333436880715,
    "欬(kài)": 0.40214540933949533,
    "欭(yì)": 0.3150745047153425,
    "欭(yīn)": 0.1035267822662644,
    "欯(xì)": 0.3875366730275573,
    "欯(kài)": 0.2795389092346254,
    "欰(ù)": 0.2297274854523666,
    "欱(hē)": 0.35512513490472836,
    "欲(yù)": 0.41699275516438944,
    "欴(láng)": 0,
    "欶(shuò)": 0.4140900233722108,
    "欷(xī)": 0.5263183408636614,
    "欸(āi)": 0.4123908390005814,
    "欸(ǎi)": 0.27496257830689624,
    "欸(ēi）)": 0.282167221951963,
    "欸(éi）)": 0.282167221951963,
    "欸(ěi）)": 0.282167221951963,
    "欸(èi）)": 0.282167221951963,
    "欺(qī)": 0.31946006445134206,
    "欻(xū)": 0.39245808396754156,
    "欻(chuā)": 0.20761298646406473,
    "欽(qīn)": 0.5603518396518575,
    "欽(qìn)": 0.24397758458588875,
    "款(kuǎn)": 0.24470438781191045,
    "款(xīn)": 0.342526896005478,
    "欿(kǎn)": 0.2921219746170506,
    "欿(qiàn)": 0.2647005050199359,
    "欿(dàn)": 0.24330318741780146,
    "歁(kǎn)": 0.41102181696584617,
    "歁(kè)": 0.30091666414772017,
    "歁(qiǎn)": 0.3975474444935251,
    "歂(chuǎn)": 0.23547345167068665,
    "歂(chuán)": 0.23483577589062582,
    "歃(shà)": 0.4150558114312141,
    "歄(guā)": 0,
    "歅(īn)": 0.25631470495523917,
    "歆(xīn)": 0.39180118936277075,
    "歇(xiē)": 0.4064650571890619,
    "歇(yà)": 0.25631470495523917,
    "歈(yú)": 0.29877307895793814,
    "歉(qiàn)": 0.48561721041941674,
    "歊(xiāo)": 0.350240434891812,
    "歋(yé)": 0.3571236971730872,
    "歌(gē)": 0.42237382981430127,
    "歍(wū)": 0.38259233980101454,
    "歍(yāng)": 0.43223902846118606,
    "歎(tàn)": 0.2628389494250716,
    "歏(jìn)": 0.39843182322154763,
    "歏(qūn)": 0.24756688007280667,
    "歐(ōu)": 0.3322370498460661,
    "歑(hū)": 0.3354762682006618,
    "歒(tì)": 0.42835787000177294,
    "歔(xū)": 0.49960454582806685,
    "歖(yǐ)": 0.3268362946770302,
    "歙(xī)": 0.30849905117795967,
    "歙(shè)": 0.2915852996112676,
    "歙(xié)": 0.247283907666064,
    "歛(hān)": 0.29314685698703263,
    "歜(chù)": 0.2656035361492872,
    "歜(zàn)": 0.3351997688190281,
    "歞(è)": 0.36274007897122434,
    "歟(yú)": 0.29466005028014763,
    "歠(chuò)": 0.3766246049592968,
    "歡(huān)": 0.28726178995790436,
    "𣢁(xī)": 0.3266624222887239,
    "𣢇(hāi)": 0.42844649886226177,
    "𣢉(wā)": 0.289987077284801,
    "𣢊(xù)": 0.3349788250539394,
    "𣢋(pī)": 0,
    "𣢌(tān)": 0.2921219746170506,
    "𣢍(xī)": 0.3266624222887239,
    "𣢏(bīn)": 0.3332928373271246,
    "𣢐(qīn)": 0.3588778147744716,
    "𣢐(kēng)": 0.41268872858234573,
    "𣢑(xī)": 0.3948449457935382,
    "𣢒(yú)": 0,
    "𣢓(xì)": 0,
    "𣢕(cì)": 0.3013153104983474,
    "𣢖(qiàn)": 0.5034281360001615,
    "𣢗(xiā)": 0.24439805460586034,
    "𣢛(è)": 0.3196102399563085,
    "𣢜(yǒu)": 0.38576626819112725,
    "𣢝(xìng)": 0.401567694137706,
    "𣢞(í)": 0.2795389092346254,
    "𣢟(xián)": 0.3614398650991844,
    "𣢠(bì)": 0.278635581203064,
    "𣢤(zhān)": 0.33756549940945674,
    "𣢥(diàn)": 0.42107937538554724,
    "𣢦(yǔ)": 0.3337666603142376,
    "𣢫(wǎng)": 0.22173765502791465,
    "𣢫(wāng)": 0.20696028196112676,
    "𣢬(iān)": 0.3504145314524846,
    "𣢭(yí)": 0.3766246049592968,
    "𣢰(cù)": 0.4656475175145472,
    "𣢲(qiān)": 0.3504145314524846,
    "𣢳(dìng)": 0,
    "𣢴(kēng)": 0.13222291649174592,
    "𣢶(chù)": 0.40245574859514727,
    "𣢷(ǒu)": 0.3560026870884945,
    "𣢺(ān)": 0.3531382394827615,
    "𣣉(xì)": 0.3661780059035741,
    "𣣊(zī)": 0.24830566093817688,
    "𣣌(zì)": 0.3299204959420423,
    "𣣌(sì)": 0.370994208210054,
    "𣣎(yù)": 0,
    "𣣏(hūn)": 0.2723734209062328,
    "𣣑(sǐ)": 0.17086440705967632,
    "𣣒(kǎn)": 0.3297407718303056,
    "𣣚(àn)": 0.2614324089189787,
    "𣣜(yǒu)": 0.3397290897685467,
    "𣣝(jí)": 0.3065752082214943,
    "𣣞(ùn)": 0.3150745047153425,
    "𣣟(qiā)": 0.27813723628713266,
    "𣣠(hòu)": 0,
    "𣣡(hóu)": 0.3073049340562358,
    "𣣣(diàn)": 0.3266624222887239,
    "𣣩(xiè)": 0,
    "𣣭(shè)": 0.36523286692810125,
    "𣣲(xié)": 0.4546509230881588,
    "𣣳(yáo)": 0.366078718309291,
    "𣣳(yǎo)": 0.27813723628713266,
    "𣣴(dà)": 0.289987077284801,
    "𣣶(xiè)": 0.2474408167521447,
    "𣣸(yǒu)": 0,
    "𣣿(tái)": 0.25528552577167246,
    "𣤁(zhú)": 0.21360532230338816,
    "𣤃(ǎi)": 0.3909961603487133,
    "𣤈(zé)": 0.289987077284801,
    "𣤊(lā)": 0.3477078744563896,
    "𣤋(lòu)": 0.29866606064169926,
    "𣤌(chuài)": 0.37569356083367994,
    "𣤎(𣤎yǒu)": 0.15582462984848303,
    "𣤖(tì)": 0.3808870264808329,
    "𣤘(shī)": 0.2706442857382232,
    "𣤡(xiào)": 0.38948200556453644,
    "𣤢(xì)": 0.3737550652517501,
    "𣤨(huò)": 0.40239193690226827,
    "𣤩(chì)": 0.397671474876269,
    "𣤪(yì)": 0.2995671598761317,
    "𣤯(shú)": 0.34333376912510233,
    "𣤳(xī)": 0.18116612333642984,
    "𣤴(ī)": 0.32665040751147906,
    "𣤵(yǐng)": 0.28655930765010035,
    "𣤶(zú)": 0,
    "𣤶(zā)": 0.27503509923647435,
    "𣤶(zàn)": 0.3351997688190281,
    "𣤷(zā)": 0.16264104878299654,
    "𣤺(zā)": 0.2706442857382232
}